Название,Ссылка,Метки,Сокращенная ссылка
Приставка Sega Magistr Drive 2 + 160 игр,https://vsedrugoeshop.ru/catalog/igrushki/sega_magistr_drive_2_160_igr/,Игры,https://goo.gl/1Pgt2y
Набор «4 варенья»,https://vsedrugoeshop.ru/catalog/eda_napitki_sladosti/nabor_4_varenya_100_ml/,Сладости,https://goo.gl/9VRAQj
Настенная фоторамка,https://vsedrugoeshop.ru/catalog/oformlenie_interera/fotoramka_ulove_nastennaya/,Интерьер,https://goo.gl/s1wqBj
Карта мира TrueMap,https://vsedrugoeshop.ru/catalog/karty/karta_mira_truemap/,Путешественнику,https://goo.gl/oHgyrV
Меловая доска на холодильник «Сердце»,https://vsedrugoeshop.ru/catalog/magnity_i_melovye_doski/doska_dlya_zapisey_melompo_serdtse/,Интерьер,https://goo.gl/YMKomq
Фотоаппарат INSTAX Mini White,https://vsedrugoeshop.ru/catalog/kamery_2/fotoapparat_instax_mini_8s_white/,Электроника,https://goo.gl/VUxhjt
Настольная игра «Мафия. Большой город»,https://vsedrugoeshop.ru/catalog/nastolnye_igry/nastolnaya_igra_mafiya_bolshoy_gorod/,Игры,https://goo.gl/kQom6R
Светящийся глобус звездного неба,https://vsedrugoeshop.ru/catalog/oformlenie_interera/svetyashchiysya_globus_zvezdnogo_neba_star_light_globe/,Интерьер,https://goo.gl/hGxamL
Кубик Рубика 5x5,https://vsedrugoeshop.ru/catalog/igrushki/kubik_rubika_5kh5/,Головоломка,https://goo.gl/YKDE7z
Термокружка Grano «Винни Пух»,https://vsedrugoeshop.ru/catalog/tamblery/termokruzhka_grano_vinni_pukh_belaya_/,Путешественнику,https://goo.gl/R3N4sC
Набор ЗОЖ,https://vsedrugoeshop.ru/catalog/eda_napitki_sladosti/nabor_zozh/,Сладости,https://goo.gl/PXFVKm
3D-пазл «Цветок»,https://vsedrugoeshop.ru/catalog/konstruktor/3d_pazl_tsvetok/,Головоломка,https://goo.gl/zyEEpM
Внешний аккумулятор HARPER 10000 мАч,https://vsedrugoeshop.ru/catalog/ofisnye_aksessuary/vneshniy_akkumulyator_harper_pb_10010_white/,Электроника,https://goo.gl/vkzbJX
Наушники HARPER HB-207 White,https://vsedrugoeshop.ru/catalog/naushniki_1/naushniki_harper_hb_207_white/,Электроника,https://goo.gl/28ePj3
Записная книжка Classic Red,https://vsedrugoeshop.ru/catalog/bloknoty_1/zapisnaya_knizhka_classic_nelinovannaya_large_krasnaya/,Офис,https://goo.gl/eC2PS9